iso3,mys_f_1990,mys_f_1991,mys_f_1992,mys_f_1993,mys_f_1994,mys_f_1995,mys_f_1996,mys_f_1997,mys_f_1998,mys_f_1999,mys_f_2000,mys_f_2001,mys_f_2002,mys_f_2003,mys_f_2004,mys_f_2005,mys_f_2006,mys_f_2007,mys_f_2008,mys_f_2009,mys_f_2010,mys_f_2011,mys_f_2012,mys_f_2013,mys_f_2014
AFG,0.342503031,0.371860434,0.401217837,0.43057524,0.459932642,0.489290045,0.518647448,0.54800485,0.577362253,0.606719656,0.636077058,0.671958328,0.707839598,0.743720868,0.779602138,0.815483408,0.841578877,0.867674346,0.893769815,0.919865284,0.945960754,1.011199426,1.076438099,1.141676772,1.206915444
AGO,,,,,,,,,,2.23161,2.27684,2.333822012,2.395228789,2.456635567,2.518042344,2.579449122,2.640855899,2.702262677,2.763669454,2.825076232,2.886483009,2.947889787,3.009296564,3.070703341,3.132110119
ALB,6.692813596,6.696485922,6.700158247,6.703830573,6.707502899,6.711175224,6.997616629,7.284058034,7.570499439,7.856940844,8.143382249,8.235190392,8.311867441,8.388544491,8.465221541,8.541898591,8.618575641,8.695252691,8.771929741,8.980109851,9.18828996,9.39647007,9.832489967,10.07789473,10.32942445
AND,,,,,,,,,,,9.794106303,9.875223911,9.957013358,10.03948021,10.56851959,9.964730263,10.36855984,10.39617991,10.42379999,10.45142007,10.47904015,10.50666022,10.5342803,10.56190038,10.58952045
ARE,5.89831638,6.237418193,6.576520006,6.748455442,7.059659728,7.370864013,7.622698828,7.874533642,8.126368457,8.378203271,8.630038086,8.771264317,8.912490549,9.05371678,9.194943011,9.336169243,9.362230756,9.388292269,9.414353782,9.440415296,9.466476809,9.492538322,9.518599835,9.544661349,9.570722862
ARG,8.005130755,8.092670441,8.181167412,8.269664383,8.358161354,8.446658325,8.535155296,8.623652267,8.712149239,8.80064621,8.889143181,8.977640152,9.492625237,10.00761032,10.09709676,10.1865832,10.27606964,10.38473463,10.49339962,10.6630497,10.68136024,10.77540016,10.94651031,11.00965023,11.07514
ARM,9.617912344,9.693689835,9.769467326,9.845244817,9.921022309,9.9967998,10.0745203,10.15224081,10.22996131,10.30768181,10.38540232,10.39706039,10.47630634,10.55555229,10.63479824,10.71404419,10.79329014,10.87253609,10.95178204,11.03102798,11.11027393,11.18951988,11.28604245,11.38256502,11.47908759
ATG,,,,,,,,,,,,,,,,,,,,,,,,,
AUS,10.9837358,11.00363387,11.02353195,11.04343002,11.06332809,11.08322616,11.08720578,11.09118539,11.09516501,11.09914462,11.10312423,11.16679806,11.2304719,11.29414573,11.35781956,11.4115696,11.55757999,11.6340704,11.90552044,11.96805954,12.04115963,12.15478039,12.31254959,12.04195976,12.13216019
AUT,9.635222003,9.734470367,9.834741047,9.935011727,10.03528241,10.13555309,10.23582377,10.33609445,10.43636513,10.53663581,10.63690649,10.73717717,10.83744785,10.93771853,11.03798921,11.13825989,11.09018517,11.04211044,10.92391968,11.23935032,11.30690956,11.29426003,11.34414959,11.40441036,11.62954998
AZE,,,,,,9.416836766,9.496232702,9.576298047,9.657038445,9.738459587,9.821963429,9.905467272,9.988971114,10.07247496,10.1559788,10.23948264,10.32298648,10.40649033,10.42187977,10.1292696,10.15892029,10.16166973,10.16228008,10.16551018,10.16520977
BDI,0.822269976,0.885153866,0.948037757,1.010921647,1.073805537,1.136689428,1.199573318,1.262457209,1.325341099,1.388224989,1.45110888,1.51399277,1.57687666,1.639760551,1.702644441,1.765528331,1.828412222,1.891296112,1.954180002,1.890880009,1.827580015,1.764280021,1.700980028,1.637680034,1.57438004
BEL,9.008161203,9.160702147,9.313243092,9.465784037,9.618324982,9.770865927,9.871872769,9.972879611,10.07388645,10.17489329,10.27590014,10.37484561,10.47379109,10.57273657,10.67168205,10.77062752,10.7891798,10.83637476,10.88356972,11.04335976,11.1732502,11.23900986,11.27208996,11.35048962,11.43642998
BEN,0.768795793,0.834424702,0.900053611,0.96568252,1.031311429,1.096940339,1.162569248,1.228198157,1.293827066,1.359455975,1.425084884,1.468212453,1.511340022,1.554467591,1.59759516,1.640722729,1.698851191,1.756979653,1.815108116,1.873236578,1.931365041,2.077623752,2.223882464,2.370141176,2.516399888
BFA,,,,,,,,,,0.617334359,0.645935462,0.675861654,0.707174327,0.739937715,0.774219032,0.810088603,0.84762001,0.278259993,0.36511285,0.451965707,0.538818564,0.625671421,0.712524278,0.799377135,0.886229992
BGD,2.237444257,2.381197152,2.524950047,2.668702942,2.812455838,2.956208733,3.099961628,3.243714523,3.387467419,3.531220314,3.674973209,3.779309988,3.841801,3.904292011,3.966783023,4.029274035,4.091765046,4.154256058,4.216747069,4.279238081,4.341729093,4.404220104,4.538990021,4.367229939,4.598360062
BGR,6.606706051,6.886220161,7.177559853,7.481225438,7.784891023,8.088556608,8.392222193,8.695887778,8.999553363,9.303218948,9.606884533,9.910550117,10.00387402,10.09719791,10.19052181,10.28384571,10.37716961,10.49927998,10.55844021,10.63379002,10.73285961,10.79144001,10.91713047,11.04028988,11.11839962
BHR,4.812859676,5.024159908,5.24473691,5.465313911,5.685890913,5.906467915,6.127044916,6.347621918,6.568198919,6.788775921,7.009352922,7.229929924,7.313648807,7.397367689,7.481086572,7.564805455,7.648524337,7.73224322,7.815962103,7.899680985,7.983399868,8.142049869,8.30069987,8.459349871,8.617999872
BHS,10.05288982,10.17176981,10.2906498,10.40952978,10.52840977,10.64728975,10.76616974,10.88504972,11.00392971,11.1228097,11.24168968,11.31890774,11.39612579,11.47334385,11.5505619,11.62777996,11.70499802,11.78221607,11.85943413,11.93665218,12.01387024,12.09261327,12.17187241,12.25165104,12.33195257
BIH,,,,,,,,,,,5.164326472,5.179873829,5.195421187,5.210968544,5.226515901,5.242063259,5.257610616,5.480157954,5.702705292,5.925252631,6.147799969,6.293360233,6.879833539,7.466306845,8.052780151
BLR,,,,,,9.662980318,9.756690622,9.851309716,9.946846413,10.04330961,10.1407083,10.23905155,10.33834851,10.43860845,10.53984069,10.64205467,10.74525991,10.84946601,10.9546827,11.06091976,11.1702878,11.27965584,11.38902388,11.49839191,11.60775995
BLZ,5.387003567,5.554039955,5.726255689,5.898471424,6.070687158,6.242902892,6.415118626,6.58733436,6.759550095,6.931765829,7.103981563,7.276197297,7.448413031,7.620628766,7.7928445,7.965060234,8.470604134,8.976148033,9.481691933,9.987235832,10.49277973,10.3477088,10.20263786,10.05756693,9.912495995
BOL,5.013462195,5.125782958,5.240620136,5.358030107,5.475440078,5.592850049,5.71026002,5.827669991,5.945079962,6.062489933,6.179899904,6.297309875,6.295487881,6.293665886,6.291843891,6.290021896,6.288199902,6.404705048,6.521210194,6.781290054,7.040660063,7.300030073,7.559400082,7.886273384,8.213146687
BRA,3.795671753,3.958082707,4.120493662,4.282904617,4.445315572,4.607726527,4.771962323,4.93619812,5.100433917,5.264669714,5.428905511,5.589491624,5.750077737,5.910663849,6.071249962,6.248260021,6.425270081,6.612539768,6.791349888,6.892710209,7.044799805,7.160999775,7.381859779,7.475190163,7.576000214
BRB,8.253810395,8.399160515,8.544510635,8.689860755,8.941216373,9.192571991,9.170471663,9.148371335,9.126271007,9.104170679,9.074000359,9.186127594,9.29825483,9.410382065,9.522509301,9.634636536,9.672012282,9.709388027,9.746763772,9.784139517,9.821515262,9.858891007,9.896266753,9.933642498,9.971018243
BRN,6.72,6.898,7.076,7.254,7.432,7.61,7.682,7.754,7.826,7.898,7.97,7.996,8.022,8.048,8.074,8.1,8.176,8.252,8.328,8.404,8.48,8.582,8.684,8.786,8.888
BTN,,,,,,,,,,,,,,,,,,,,,1.495001,1.486825487,1.478649974,1.832059956,2.185469937
BWA,5.11,5.428,5.746,6.064,6.382,6.7,6.874,7.048,7.222,7.396,7.57,7.692,7.814,7.936,8.058,8.18,8.28,8.38,8.48,8.58,8.68,8.93,9.18,9.43,9.68
CAF,1.07,1.128,1.186,1.244,1.302,1.36,1.428,1.496,1.564,1.632,1.7,1.768,1.836,1.904,1.972,2.04,2.102,2.164,2.226,2.288,2.35,2.468,2.586,2.704,2.822
CAN,10.58795711,10.77036953,10.95592461,11.14147968,11.32703476,11.51258984,11.69814491,11.88369999,12.06925507,12.25481014,12.44036522,12.6259203,12.75561619,12.88531208,13.01500797,13.14470387,13.27439976,13.33102379,13.38764782,13.44427185,13.50089588,13.55751991,13.60198402,13.64644814,13.69091225
CHE,9.75533842,9.740946983,9.726555546,9.712164109,9.697772672,9.683381235,9.679269396,9.675157557,9.671045717,9.666933878,9.662822039,9.841687043,10.02055205,10.19941705,10.37828205,10.55714706,11.11224534,11.66734363,12.22244192,12.77754021,12.80630016,12.82425022,12.91300964,13.03466988,13.15633011
CHL,8.337210266,8.421723968,8.539250082,8.606988307,8.674726533,8.742464759,8.805969345,8.869473932,8.932978519,8.996483105,9.059987692,9.206048241,9.35210879,9.49816934,9.644229889,9.670116742,9.696003596,9.72189045,9.959739685,9.851214886,9.742690086,9.3937397,9.636924744,9.880109787,9.998734951
CHN,3.420896743,3.603619823,3.786342904,3.969065984,4.151789065,4.334512145,4.525611616,4.716711086,4.907810557,5.098910028,5.262839794,5.360872793,5.458905792,5.556938791,5.65497179,5.753004789,5.851037788,5.949070787,6.047103786,6.145136786,6.243169785,6.369998126,6.496826468,6.62365481,6.750483152
CIV,3.045420448,3.316124487,3.586828527,3.857532567,4.128236607,4.398940646,4.8234538,5.247966953,5.672480106,5.57439509,5.476310074,5.378225058,5.280140042,5.182055026,5.08397001,4.985884994,4.887799978,4.789714962,4.691629946,4.59354493,4.495459914,4.397374898,4.299289882,4.201204866,4.10311985
CMR,1.878901139,1.982462619,2.086024099,2.189585579,2.293147059,2.396708539,2.500270019,2.603831499,2.707392979,2.810954459,2.91451594,3.012159621,3.109803302,3.207446983,3.305090664,3.402734346,3.501857477,3.600980608,3.700103739,3.799226869,3.89835,4.035938824,4.173527647,4.311116471,4.448705295
COD,2.556471419,2.615401111,2.675689203,2.737367007,2.800466558,2.865020627,2.931062745,2.998627211,3.067749118,3.138464368,3.210809687,3.284822652,3.364112936,3.443403221,3.522693506,3.601983791,3.681274076,3.760564361,3.839854646,3.919144931,3.998435216,4.147556753,4.29667829,4.445799828,4.722119808
COG,3.12,3.298,3.476,3.654,3.832,4.01,4.164,4.318,4.472,4.626,4.78,4.808,4.836,4.864,4.892,4.92,4.916,4.912,4.908,4.904,4.9,5.022,5.144,5.266,5.388
COL,5.665461222,5.801773071,5.93808492,6.074396769,6.210708618,6.347020467,6.442864736,6.538709005,6.634553274,6.730397542,6.826241811,6.875228882,6.924215953,6.973203023,7.022190094,7.261559963,6.802609921,7.209209919,7.336639881,7.302490234,7.440090179,7.578149796,7.689129829,7.936940193,8.106329918
COM,,,,,,,,,,,2.1874,2.1874,2.2093,2.2314,2.2537,2.4275,2.6013,2.775,2.9488,3.1226,3.2964,3.4702,3.644,3.6913,3.7393
CPV,,,,,,,,,,,3.3633,3.5188,3.6744,3.8299,3.9854,4.1409,4.2964,4.4519,4.6075,4.763,4.9185,5.074,5.2295,5.385,5.5405
CRI,6.079701734,6.037902228,6.384424684,6.564755231,6.582228885,6.807183256,6.782911316,6.991185775,7.15684812,7.146228332,7.058455962,7.223366132,7.407535244,7.54975265,7.600319779,7.771492592,7.836434158,7.988930225,8.284500122,8.335780144,8.250049591,8.37195015,8.433389664,8.589015007,8.74464035
CUB,8.508971639,8.671592631,8.834213623,8.996834615,9.159455608,9.3220766,9.422855807,9.523635013,9.624414219,9.725193426,9.825972632,9.924461402,10.02295017,10.1692112,10.31547222,10.46173325,10.60799427,10.75425529,10.90051632,11.04677734,11.19303837,11.33929939,11.48556042,11.63768435,11.79182312
CYP,7.560397356,7.736409876,7.916520119,8.100823482,8.285126845,8.469430208,8.653733571,8.838036935,9.022340298,9.206643661,9.390947024,9.575250387,9.75955375,9.943857114,10.12816048,10.35309029,10.63368988,10.86209965,10.96082973,10.92920017,11.11723042,11.32223034,11.59342003,11.66178989,11.74787045
CZE,7.967698464,8.198010445,8.434979757,8.671949069,8.908918381,9.145887693,9.382857005,9.619826317,9.856795629,10.09376494,10.33073425,10.56770356,10.80467288,11.04164219,11.2786115,11.51558081,11.75255013,11.77937984,11.8490696,11.97356033,12.06735039,12.17617035,12.26041031,12.35463047,12.39958
DEU,9.841051266,10.01738003,10.19370879,10.37003756,10.54636632,10.72269508,10.8823441,11.04199312,11.20164213,11.36129115,11.52094016,11.96652771,12.41211526,12.85770282,13.30329037,13.20040035,13.09622955,13.18692017,13.26113987,13.34796047,13.38274956,13.49940014,13.56260014,13.62051964,13.63171005
DJI,,,,,,,,,,,,,,,,,,,,,,,,,
DMA,,,,,,,,,,,,,,,,,,,,,,,,,
DNK,11.29056843,11.31770992,11.34491666,11.3721234,11.39933014,11.50308037,11.69332659,11.88357282,12.07381904,12.26406527,12.45431149,12.64455771,12.83480394,13.02505016,13.05692005,12.93390338,12.8108867,12.68787003,12.94357967,12.68443012,12.4268198,12.52262974,12.82083035,12.89597988,12.21434021
DOM,4.929900722,5.085910238,5.241919755,5.397929271,5.553938788,5.709948304,5.863877694,6.017807084,6.171736473,6.325665863,6.479595253,6.575281089,6.670966926,6.766652763,6.8623386,6.958024437,7.168117252,7.378210068,7.392826716,7.407443364,7.422060013,7.528470039,7.673190117,7.731110096,7.88380003
DZA,3.091532639,3.295769637,3.500006635,3.704243633,3.908480631,4.112717628,4.339336763,4.565955898,4.792575032,5.019194167,5.245813302,5.416477094,5.587140887,5.75780468,5.928468473,6.099132265,6.364920139,6.46186018,6.55880022,6.657943834,6.758586115,6.860749717,6.964457635,7.069733216,7.176600154
ECU,6.381390095,6.450875984,6.520361872,6.589847761,6.65933365,6.728819539,6.798305427,6.867791316,6.937277205,7.006763094,7.076248982,7.145734871,7.21522076,7.284706649,7.354192537,7.423678426,7.493164315,7.562650204,7.59871006,7.606359959,7.708539963,7.772500038,7.973629951,8.182049751,8.267999649
EGY,4.424179025,4.659594055,4.895009086,5.130424117,5.365839147,5.601254178,5.905670166,5.835415173,5.765160179,5.694905186,5.624650192,5.554395199,5.484140205,5.413885212,5.343630219,5.273375225,5.203120232,5.548448389,5.893776547,6.239104704,6.584432862,6.92976102,7.275089177,7.620417335,7.965745492
ERI,,,,,,,,,,,,,,,,,,,,,,,,,
ESP,5.425300374,5.626150131,5.834435536,6.042720941,6.251006346,6.459291752,6.667577157,6.875862562,7.084147967,7.292433372,7.500718777,7.709004182,7.917289587,8.125574992,8.333860397,8.626420021,8.749580383,8.84210968,8.926469803,9.016180038,9.126600266,9.263349533,9.314399719,9.433749676,9.553099632
EST,9.532988234,9.803146074,10.07330391,10.34346175,10.61361959,10.88377743,11.16228012,11.44078282,11.71928551,11.9977882,12.25327969,12.44808308,12.64288648,12.83768988,13.03249327,13.22729667,13.42210007,13.45440006,13.53604031,13.67986012,13.69906044,13.75597954,13.78359032,13.92436981,13.92652035
ETH,,,,,,,,,,,0.809696787,0.869237502,0.928778217,0.988318933,1.047859648,1.107400363,1.177000197,1.246600032,1.254805028,1.263010025,1.271215022,1.279420018,1.376451683,1.473483348,1.570515013
FIN,8.972359657,9.213227345,9.454095033,9.694962722,9.93583041,10.1766981,10.41756579,10.65843347,10.89930116,11.14016885,11.38103654,11.62190423,11.86277191,12.1036396,12.15952969,12.21541977,12.27476978,12.32907963,12.39402008,12.44548988,12.49857998,12.54961014,12.58654022,12.65882969,12.71975994
FJI,6.287414706,6.513197179,6.738979652,6.964762125,7.190544599,7.416327072,7.3990798,7.564327067,7.729574334,7.8948216,8.060068867,8.225316134,8.390563401,8.555810668,8.721057935,8.886305202,9.051552469,9.216799736,9.364304733,9.511809731,9.659314728,9.806819725,9.954324722,10.10182972,10.24933472
FRA,7.23348999,7.427249295,7.621008601,7.814767906,8.008527211,8.202286516,8.396045821,8.589805126,8.783564431,8.977323736,9.171083042,9.364842347,9.558601652,9.752360957,9.946120262,10.03040981,10.17281485,10.31521988,10.41182041,10.50063038,10.5266304,10.61380005,10.70963001,10.84115982,10.98081017
FSM,,,,,,,,,,,,,,,,,,,,,,,,,
GAB,3.662044107,3.782478444,3.902912782,4.02334712,4.143781458,4.264215795,4.394452928,4.524690061,4.654927193,4.785164326,4.915401459,5.084643046,5.253884633,5.423126221,5.592367808,5.761609395,5.930850983,6.10009257,6.269334157,6.438575745,6.607817332,6.777058919,6.946300507,7.137943569,7.32958663
GBR,9.625041302,9.702264726,9.77948815,9.900341922,9.978968066,10.05759421,10.1820856,10.306577,10.43106839,10.55555979,10.68005118,10.91156149,11.1430718,11.37458212,11.60609243,11.83760274,12.12371454,12.40982634,12.69593814,12.98204994,13.11940956,13.08041,13.27081966,12.74895,12.83813
GEO,,,,,,,,,,,11.65088449,11.71338951,11.77622986,11.84008884,11.90394783,11.96780682,12.0316658,12.09552479,12.15938377,12.22324276,12.28710175,12.35096073,12.41481972,12.50504494,12.59527016
GHA,3.966090741,4.136724878,4.307359014,4.477993151,4.648627287,4.819261424,4.966836893,5.114412363,5.261987832,5.409563301,5.557138771,5.647067573,5.736996374,5.826925176,5.916853978,6.006782779,6.119770248,6.232757717,6.345745186,6.458732655,6.571720123,6.663954792,6.75618946,6.848424128,6.940658797
GIN,0.691495268,0.691717549,0.691939901,0.692162325,0.692384821,0.692607388,0.692830026,0.693052879,0.693275733,0.693498586,0.693721439,0.693944292,0.694167146,0.694389999,0.694612852,0.694835705,0.695058559,0.695281412,0.695504265,0.695727118,0.695949972,0.780487493,0.865025014,0.949562535,1.034100056
GMB,0.706406283,0.747913499,0.791859606,0.838387912,0.88765014,0.939806932,0.995028366,1.053494518,1.115396039,1.180934787,1.25032448,1.32379139,1.40157509,1.483929226,1.571122349,1.663438789,1.761179584,1.86466346,1.97422787,2.090230096,2.213048413,2.343083322,2.480758858,2.626523972,2.800050497
GNB,,,,,,,,,,,,,,,,1.308217824,1.403465271,1.499783278,1.596101284,1.692419291,1.788737297,1.885055304,1.98137331,2.077691317,2.174009323
GNQ,,,,,,,,,,,,,,,,,,,,,3.9758,3.9843,3.9928,4.0013,4.0098
GRC,6.777835907,7.022918419,7.27332202,7.52372562,7.774129221,8.024532822,8.253516709,8.482500596,8.711484483,8.94046837,9.169452257,9.197869735,9.226287214,9.254704693,9.283122171,9.339170456,9.790320396,9.651949883,9.711009979,9.794350147,9.877690315,9.985362768,10.09303522,10.20070767,10.30838013
GRD,,,,,,,,,,,,,,,,,,,,,,,,,
GTM,2.795271428,2.866729495,2.938187561,3.009645628,3.081103694,3.152561761,3.219816412,3.287071063,3.354325714,3.421580365,3.488835016,3.448902567,3.408970118,3.354105115,3.299240112,3.24437511,3.189510107,3.366653403,3.543796698,3.720939994,3.898083289,4.075226585,4.252369881,4.449059963,5.533130169
GUY,5.051413178,5.142712794,5.23401241,5.325312026,5.416611642,5.507911258,5.621661599,5.735411941,5.849162282,5.962912623,6.076662964,6.136531565,6.196400166,6.462584999,6.728769833,6.994954666,7.2611395,7.527324333,7.793509167,8.059694,8.119987273,8.180280545,8.240573818,8.300867091,8.361160364
HKG,7.76446927,7.981190205,8.203960228,8.426730251,8.649500275,8.872270298,9.095040321,9.234574318,9.374108315,9.513642311,9.653176308,9.792710304,9.932244301,10.0717783,10.21131229,10.35084629,10.49038029,10.61336517,10.73635006,10.84461021,10.96669006,11.17440033,11.27598031,11.3775603,11.47914028
HND,3.818559951,3.900581525,3.982603099,4.064624673,4.146646247,4.228667821,4.296107782,4.363547743,4.430987704,4.498427665,4.565867626,4.63695299,4.708038355,4.779123719,4.850209083,4.921294447,4.94681227,4.972330093,5.133587599,5.294845104,5.45610261,5.617360115,5.558829784,5.900144815,6.241459846
HRV,5.512467538,5.826620102,6.158676052,6.490732002,6.822787952,7.154843903,7.486899853,7.818955803,8.151011753,8.483067703,8.815123653,9.147179604,9.295658684,9.444137764,9.592616844,9.741095924,9.889575005,10.03805408,10.18653316,10.33501225,10.48349133,10.63197041,10.78700808,10.94430656,11.10389879
HTI,1.76,1.834,1.908,1.982,2.056,2.13,2.214,2.298,2.382,2.466,2.55,2.628,2.706,2.784,2.862,2.94,2.968,2.996,3.024,3.052,3.08,3.296,3.512,3.728,3.944
HUN,9.099840164,9.162400159,9.224960154,9.287520149,9.350080143,9.412640138,9.475200133,9.537760128,9.600320122,9.662880117,9.725440112,9.788000107,9.948232651,10.10846519,10.26869774,10.42893028,10.73459029,11.0402503,11.34591031,11.65157032,11.73375034,11.7915802,11.71862984,11.89138985,11.54996014
IDN,2.459719896,2.746007398,3.032294899,3.318582401,3.604869902,3.891157404,4.177444905,4.463732406,4.750019908,5.036307409,5.322594911,5.608882412,5.895169914,6.181457415,6.467744917,6.754032418,7.04031992,6.39109993,6.507730007,6.755380154,6.879184961,7.002989769,7.110849857,7.218709946,7.326570034
IND,1.793044518,1.841278464,1.88951241,1.937746356,1.985980303,2.034214249,2.29635526,2.558496272,2.820637283,3.082778294,3.344919306,3.284102591,3.223285877,3.162469162,3.101652447,3.040835733,3.179246187,3.317656641,3.456067095,3.594477549,3.732888003,4.045360088,4.357832174,4.67030426,4.982776345
IRL,7.11631496,7.34912014,7.589541376,7.829962611,8.070383847,8.310805082,8.551226318,8.791647553,9.032068789,9.272490025,9.51291126,9.753332496,9.993753731,10.23417497,10.4745962,10.71501744,10.95543867,11.19585991,11.36367321,11.53148651,11.69929981,11.17216015,11.24826177,11.32436339,11.40046501
IRN,4.604464176,4.900571197,5.196678218,5.492785239,5.78889226,6.084999281,6.440327706,6.795656131,7.150984556,7.506312981,7.861641406,8.116293444,8.370945482,8.62559752,8.880249559,9.134901597,9.599789619,9.397729874,9.195670128,9.393929958,9.592189789,9.659184933,9.726180077,9.919989586,10.0151701
IRQ,2.280221106,2.498540148,2.71685919,2.935178233,3.153497275,3.371816317,3.590135359,3.808454401,4.026773443,4.245092485,4.463411527,4.650195596,4.836979666,5.023763735,5.210547805,5.397331874,5.55258097,5.707830067,5.863079164,6.01832826,6.173577357,6.476798249,6.78001914,7.083240032,7.11065519
ISL,8.722245695,8.834724831,8.947203966,9.059683102,9.172162238,9.284641373,9.388940208,9.493239043,9.597537878,9.701836712,9.806135547,9.920659758,10.03518397,10.14970818,10.26423239,10.3787566,10.50350619,10.62825577,10.75300536,10.87775495,11.00250453,11.47696198,11.95141942,12.42587687,12.90033431
ISR,8.971631928,9.053343818,9.135055707,9.216767596,9.298479486,9.380191375,9.461903264,9.543615154,9.625327043,9.707038932,9.788750822,9.832108151,9.87546548,9.918822809,9.962180138,10.84851027,11.73484039,12.34113979,12.38947487,12.43780994,12.45526981,12.55253029,12.65892982,12.78441048,12.91329002
ITA,7.017865879,7.155551681,7.293237483,7.430923285,7.568609087,7.706294889,7.850145727,7.993996565,8.137847403,8.281698241,8.425549079,8.507749557,8.60911727,8.710484982,8.811852694,8.913220406,9.046719551,9.217530251,9.358550072,9.443360329,9.544340134,9.641880035,9.791780472,9.898215294,10.00465012
JAM,6.754770498,6.854249954,6.955194473,7.056138992,7.157083511,7.25802803,7.358972549,7.459917068,7.560861588,7.661806107,7.762750626,7.863695145,7.964639664,8.065584183,8.166528702,8.267473221,8.36841774,8.469362259,8.570306778,8.671251297,8.772195816,8.873140335,8.977680761,9.083452848,9.190471107
JOR,3.975679896,4.33390522,4.692130544,5.050355868,5.408581192,5.766806516,5.992509177,6.218211838,6.443914498,6.669617159,6.89531982,7.092033148,7.288746476,7.485459805,7.77303791,8.060616016,8.348194122,8.635772228,8.923350334,8.952054977,8.980759621,9.109564662,9.238369703,9.367174745,9.495979786
JPN,11.34074974,11.38412676,11.42750378,11.47088079,11.51425781,11.55763483,11.60101185,11.64438887,11.68776588,11.7311429,11.77451992,11.81789694,11.86127396,11.90465097,11.94802799,11.99140501,12.03478203,12.07815905,12.12153606,12.16491308,12.2082901,12.44357307,12.67885603,12.914139,13.14942196
KAZ,7.013328839,7.261621063,7.509913286,7.758205509,8.006497732,8.254789955,8.493817543,8.732845131,8.971872719,9.210900307,9.515936494,9.820972681,10.12600887,10.43104506,10.73608124,11.04111743,11.34615362,11.6511898,11.33868504,11.02618027,11.16086917,11.29555808,11.43024699,11.5649359,11.6996248
KEN,2.53,2.702,2.874,3.046,3.218,3.39,3.536,3.682,3.828,3.974,4.12,4.238,4.356,4.474,4.592,4.71,4.936,5.162,5.388,5.614,5.84,5.8,5.76,5.72,5.68
KGZ,8.819180189,8.96453937,9.109898552,9.255257733,9.400616915,9.545976096,9.706522058,9.867068019,10.02761398,10.18815994,10.26254597,10.33693199,10.41131802,10.48570404,10.56009007,10.63447609,10.70886211,10.78324814,10.85763416,10.93202019,11.11987641,11.2148145,11.30975259,11.40469068,11.49962877
KHM,1.72,1.77,1.82,1.87,1.92,1.97,2.026,2.082,2.138,2.194,2.25,2.312,2.374,2.436,2.498,2.56,2.68,2.8,2.92,3.04,3.16,3.294,3.428,3.562,3.696
KIR,,,,,,,,,,,,,,,,,,,,,,,,,
KNA,,,,,,,,,,,,,,,,,,,,,,,,,
KOR,8.084269524,8.234223557,8.384177589,8.534131622,8.684085655,8.834039688,8.995927811,9.157815933,9.319704056,9.481592178,9.643480301,9.787674332,9.931868362,10.07606239,10.22025642,10.36445045,10.27032781,10.17620516,10.08208251,9.987959862,10.8644104,10.97289429,11.08137817,11.18986206,11.29834595
KWT,5.420724701,5.43488331,5.449041919,5.463200529,5.477359138,5.491517747,5.622990548,5.754463348,5.885936149,6.01740895,6.14888175,6.22776543,6.306649111,6.385532791,6.464416471,6.543300152,6.687940121,6.684350014,7.02670002,7.118764997,7.210829973,7.30289495,7.394959927,7.280399799,7.453999996
LAO,1.93,2.038,2.146,2.254,2.362,2.47,2.556,2.642,2.728,2.814,2.9,2.984,3.068,3.152,3.236,3.32,3.422,3.524,3.626,3.728,3.83,3.96,4.09,4.22,4.35
LBN,,,,,,,,,,,,,,,,7.1064,7.2072,7.814129829,7.86996901,7.925808191,7.981647372,8.037486553,8.093325734,8.149164915,8.205004096
LBR,1.19,1.254,1.318,1.382,1.446,1.51,1.57,1.63,1.69,1.75,1.81,1.87,1.93,1.99,2.05,2.11,2.2,2.29,2.38,2.47,2.56,2.658,2.756,2.854,2.952
LBY,2.73,2.932,3.134,3.336,3.538,3.74,3.962,4.184,4.406,4.628,4.85,5.14,5.43,5.72,6.01,6.3,6.586,6.872,7.158,7.444,7.73,7.73,7.73,7.73,7.73
LCA,6.62215704,6.721950054,6.823246906,6.924543757,7.025840609,7.12713746,7.228434312,7.329731163,7.431028015,7.532324866,7.633621718,7.734918569,7.836215421,7.937512272,8.038809124,8.140105975,8.241402827,8.342699678,8.44399653,8.545293381,8.646590233,8.633523623,8.620457013,8.607390404,8.640251954
LIE,,,,,,,,,,,,,,,,,,,,,,,,,
LKA,7.748461393,7.952423606,8.156385819,8.360348032,8.564310245,8.768272458,8.99746711,9.226661762,9.455856414,9.685051065,9.914245717,9.956299782,9.958525521,9.960751261,9.962977001,9.96520274,9.96742848,9.969654219,9.971879959,10.06060982,10.12339415,10.18617848,10.24896281,10.31174714,10.37453147
LSO,4.583729556,4.67748766,4.771245765,4.865003869,4.958761974,5.052520078,5.153223228,5.253926377,5.354629526,5.455332676,5.556035825,5.769595952,5.983156079,6.196716206,6.410276333,6.62383646,6.394649982,6.238034964,6.081419945,5.846629821,5.611839697,5.736349612,5.860859526,5.98536944,6.109879354
LTU,8.707357458,8.895924435,9.084491412,9.273058389,9.461625365,9.650192342,9.858725234,10.06725813,10.27579102,10.48432391,10.6928568,10.89029752,11.08773824,11.28517895,11.48261967,11.68006039,11.90336037,12.02875996,12.19009972,12.25753021,12.41851044,12.53085041,12.53839016,12.56435966,12.79854965
LUX,8.320624086,8.545080185,8.775591183,9.00610218,9.236613178,9.467124176,9.697635174,9.928146172,10.15865717,10.38916817,10.61967916,10.85019016,10.77670527,10.70322037,10.84340787,10.98359537,11.12378287,11.26397038,11.83503008,12.40608978,12.4364996,12.52077007,12.65608025,12.93715,13.08979988
LVA,9.232491551,9.585518715,9.938545878,10.29157304,10.6446002,10.99762737,10.99194444,11.09772022,11.26758328,11.43744635,11.60730941,11.76978713,11.93226484,12.09474255,12.25722027,12.42492962,12.5667696,12.37106037,12.58559036,12.72791958,12.81678009,12.88086987,12.9885397,13.10931969,13.17405987
MAR,1.38,1.47,1.56,1.65,1.74,1.83,1.93,2.03,2.13,2.23,2.33,2.422,2.514,2.606,2.698,2.79,2.878,2.966,3.054,3.142,3.23,3.46,3.69,3.92,4.15
MCO,,,,,,,,,,,,,,,,,,,,,,,,,
MDA,8.674838092,8.822834018,8.970829943,9.118825869,9.266821794,9.41481772,9.5309376,9.64705748,9.76317736,9.87929724,9.99541712,10.12064444,10.24587176,10.37109908,10.49632641,10.62155373,10.89477697,11.16800022,11.28320026,11.41333008,11.43325043,11.49682045,11.53036976,11.64111042,11.75164032
MDG,,,,,,,,,,3.345529556,3.470253944,3.594978333,3.719702721,3.844427109,3.969151497,4.032001393,4.094851289,4.157701186,4.220551082,4.283400978,4.346250875,4.409100771,4.471950667,4.534800564,4.59765046
MDV,3.63,3.538,3.446,3.354,3.262,3.17,3.094,3.018,2.942,2.866,2.79,2.764,2.738,2.712,2.686,2.66,2.942,3.224,3.506,3.788,4.07,4.544,5.018,5.492,5.966
MEX,5.51722002,5.591969013,5.666718006,5.741466999,5.816215992,5.890964985,5.965713978,6.040462971,6.115211964,6.189960957,6.264709949,6.424430013,6.584150076,6.743870139,6.903590202,7.199230194,7.501309872,7.528180122,7.611249924,7.805429935,7.789669991,7.995434761,8.201199532,8.146730423,8.223290443
MHL,,,,,,,,,,,,,,,,,,,,,,10.70687008,10.70687008,10.70687008,10.70687008
MKD,,,,,,,,,,,6.056674435,6.219737098,6.387189865,6.568659306,6.750128746,6.931598186,7.113067627,7.294537067,7.476006508,7.657475948,7.838945389,8.020414829,8.20188427,8.38335371,8.564823151
MLI,0.4,0.424,0.448,0.472,0.496,0.52,0.542,0.564,0.586,0.608,0.63,0.658,0.686,0.714,0.742,0.77,0.94,1.11,1.28,1.394,1.62,1.68,1.74,1.8,1.86
MLT,5.730422674,5.849355974,5.968289275,6.087222576,6.206155877,6.325089177,6.4146753,6.504261423,6.593847545,6.683433668,6.773019791,7.286671829,7.800323868,8.313975906,8.827627945,9.341279984,9.388160229,9.435040474,9.595897039,9.756753604,9.917610168,10.03806019,10.40439034,10.67558956,10.78794956
MMR,2.398670866,2.469662918,2.540654971,2.611647024,2.682639076,2.753631129,2.861194845,2.968758561,3.076322276,3.183885992,3.291449708,3.405467247,3.519484786,3.633502325,3.747519864,3.861537403,4.003521508,4.145505613,4.287489718,4.429473823,4.571457928,4.795190458,5.018922987,5.242655516,5.466388045
MNE,,,,,,,,,,,,,,9.591389656,9.723419666,9.855449677,9.987479687,10.1195097,10.25153971,10.38356972,10.51559973,10.64762974,10.78480653,10.92375061,11.06448475
MNG,8.14626509,8.181731822,8.217198555,8.252665287,8.28813202,8.323598752,8.449948986,8.57629922,8.702649454,8.828999688,8.955349922,9.091952896,9.22855587,9.365158844,9.501761818,9.638364792,9.774967766,9.91157074,10.04817371,10.18477669,10.32137966,10.28420067,10.24702168,10.20984268,10.17266369
MOZ,0.814972304,0.837610423,0.860248543,0.882886662,0.905524782,0.928162901,0.977966764,1.027770627,1.07757449,1.127378353,1.177182216,1.245096575,1.313010934,1.380925292,1.448839651,1.516754009,1.571085496,1.625416983,1.67974847,1.734079957,1.854554951,1.975029945,2.153137445,2.331244946,2.509352446
MRT,1.893023766,1.954164906,2.015306046,2.076447186,2.137588327,2.198729467,2.25281586,2.306902254,2.360988647,2.41507504,2.469161433,2.523247827,2.57733422,2.631420613,2.685507007,2.7395934,2.83130511,2.923016821,3.014728531,3.106440242,3.198151952,3.355707967,3.513263983,3.670819998,3.828376013
MUS,4.920030117,4.988871098,5.057712078,5.126553059,5.195394039,5.26423502,5.333076,5.401916981,5.470757961,5.539598942,5.608439922,5.822938095,6.037436269,6.251934442,6.466432615,6.680930788,6.895428961,7.109927134,7.324425307,7.53892348,7.753421653,7.967919827,8.201664361,8.442265955,8.689925767
MWI,1.522352755,1.563196365,1.604039976,1.644883586,1.685727197,1.726570807,1.774840529,1.82311025,1.871379972,1.919649693,1.967919414,2.034754413,2.101589412,2.168424411,2.23525941,2.302094409,2.478464546,2.654834682,2.831204818,3.007574954,3.18394509,3.265632311,3.347319532,3.429006753,3.510693974
MYS,5.324051296,5.534040056,5.744028816,5.954017575,6.164006335,6.373995095,6.500360012,6.855355024,7.210350037,7.565345049,7.920340061,7.765940094,7.611540127,7.45714016,7.302740192,7.148340225,7.673980236,8.199620247,8.725260258,9.250900269,9.415289879,9.556743304,9.698196729,9.839650154,9.981103579
NAM,5.604398865,5.610599995,5.616807985,5.623015976,5.629223967,5.635431957,5.641639948,5.647847939,5.654055929,5.66026392,5.66647191,5.672679901,5.772343334,5.872006767,5.971670201,6.071333634,6.1425218,6.250744908,6.324648111,6.3560863,6.427274467,6.583888433,6.7405024,6.897116366,7.053730332
NER,0.318619702,0.350481672,0.382343642,0.414205613,0.446067583,0.477929553,0.514693365,0.551457177,0.588220988,0.6249848,0.661748612,0.698512424,0.735276236,0.772040047,0.808803859,0.845567671,0.879880562,0.914193453,0.948506344,0.982819235,1.017132126,1.080856066,1.144580007,1.208303947,1.272027887
NGA,,,,,,,,,,,,,,3.458976507,3.694676781,3.930377054,4.166077328,4.401777601,4.637477875,4.430826426,4.224174976,4.436363379,4.648551782,4.860740185,4.992566347
NIC,3.29,3.436,3.582,3.728,3.874,4.02,4.194,4.368,4.542,4.716,4.89,5.022,5.154,5.286,5.418,5.55,5.674,5.798,5.922,6.046,6.17,6.324,6.478,6.632,6.786
NLD,10.50122441,10.58027737,10.65933033,10.73838329,10.81743625,10.89648921,10.98195187,11.06741453,11.15287719,11.23833985,11.32380251,11.33662191,11.34944131,11.36226071,11.37508011,11.37841988,11.50330973,11.62819958,11.55582047,11.60715008,11.62747955,11.64255047,11.70730019,11.72552013,11.7649498
NOR,10.94136047,11.02846043,11.1155604,11.20266036,11.28976032,11.37686028,11.46396024,11.5510602,11.63816016,11.72526012,11.81236008,11.89946004,11.98656,12.07365996,12.16075993,12.21986961,12.33580971,12.39356995,12.49827957,12.52208996,12.58306026,12.6552496,12.69234308,12.72943656,12.76653004
NPL,0.992401523,1.043231845,1.094062167,1.144892489,1.195722811,1.246553133,1.29012198,1.333690828,1.377259675,1.420828522,1.46439737,1.57573998,1.65062598,1.72551198,1.80039798,1.87528398,1.950169981,2.025055981,2.099941981,2.174827981,2.249713981,2.324599981,2.591627202,2.858654422,3.125681643
NRU,,,,,,,,,,,,,,,,,,,,,,,,,
NZL,9.680155744,9.977210045,10.28338003,10.58955002,10.89572001,11.20188999,11.50805998,11.81422997,12.12039995,12.42656994,12.73273993,13.03890991,13.09001598,13.14112206,13.19222813,13.2433342,13.29444027,13.30167027,13.30890026,13.31613026,13.32336025,13.33059025,13.33691978,13.25347471,13.17002964
OMN,,,,,,,,,,,4.431737675,4.690052671,4.963424208,5.252729893,5.596659946,5.94059,6.284520054,6.628450108,6.972380161,7.259555101,7.546730042,8.112858009,8.678985977,9.245113945,9.811241913
PAK,1.021079479,1.103166261,1.185253043,1.267339824,1.349426606,1.431513388,1.523610753,1.615708117,1.707805482,1.799902847,1.892000212,2.092211874,2.292423537,2.4926352,2.692846862,2.893058525,2.885050058,2.747105002,2.609159946,2.83859992,2.933340073,3.066920042,3.393189907,3.542020082,3.76286006
PAN,7.478219986,7.531305027,7.584390068,7.637475109,7.69056015,7.743645191,7.796730232,7.849815273,7.902900314,7.955985355,8.009070396,8.157989311,8.306908226,8.455827141,8.604746056,8.75366497,8.902583885,9.0515028,9.200421715,9.34934063,9.498259544,9.642202907,9.78614627,9.930089633,10.074033
PER,6.835735782,6.92825278,7.022021932,7.117060184,7.213384715,7.309709246,7.406033776,7.502358307,7.598682837,7.695007368,7.791331898,7.887656429,7.983980959,8.08030549,8.17663002,7.390299797,7.275939941,7.509900093,7.510789871,7.535779953,8.199580193,8.30562973,8.521409988,8.618610382,8.52600956
PHL,7.0770998,7.129546833,7.181993866,7.234440899,7.286887932,7.339334965,7.391781998,7.444229031,7.496676064,7.549123096,7.601570129,7.905562639,8.209555149,8.513547659,8.817540169,8.826147556,8.834754944,8.843362331,8.851969719,8.94334507,9.034720421,9.12768364,9.220646858,9.313610077,9.166615009
PLW,,,,,,,,,,,,,,,,,,,,,,,,,
PNG,1.57,1.638,1.706,1.774,1.842,1.91,1.992,2.074,2.156,2.238,2.32,2.394,2.468,2.542,2.616,2.69,2.782,2.874,2.966,3.058,3.15,3.288,3.426,3.564,3.702
POL,8.93422434,9.203922606,9.473620873,9.743319139,10.01301741,10.28271567,10.4370715,10.58392042,10.73076935,10.87761827,11.0244672,11.13676344,11.24905968,11.38986142,11.53066317,11.67146492,11.81226667,11.95306842,12.09387016,12.30233002,12.29596996,12.55772018,12.78934956,12.80893993,12.8828001
PRK,,,,,,,,,,,,,,,,,,,,,,,,,
PRT,4.923535611,5.109200001,5.301865714,5.494531427,5.68719714,5.879862853,6.072528567,6.26519428,6.457859993,6.504159927,6.59457016,6.703159809,6.826099873,7.03455019,7.281909943,7.394710064,7.530449867,7.61838007,7.735949993,7.89041996,8.064240456,8.262209892,8.489339828,8.674340248,8.907409668
PRY,5.419168861,5.530853449,5.644839764,5.761175242,5.877510721,5.9938462,6.110181678,6.226517157,6.342852636,6.459188115,6.575523593,6.691859072,6.808194551,6.924530029,7.050154924,7.175779819,6.880959988,6.990479946,7.283860207,6.677869797,7.039019903,7.400170008,7.761320114,8.314430237,8.239689827
PSE,,,,,,,,,,,,,,,6.59070015,6.770235062,6.949769974,7.179599762,7.357450008,7.64759016,7.767769814,8.002570152,8.369689941,8.48472023,8.545780182
QAT,6.878678768,7.07210383,7.265528892,7.458953955,7.652379017,7.845804079,7.973948182,8.102092286,8.230236389,8.358380493,8.486524597,8.650935899,8.815347202,8.979758505,9.144169807,9.479646683,9.815123558,10.15060043,10.36431026,10.53732014,10.03818989,9.860930443,10.44944954,10.67131042,10.90538979
ROU,7.742066107,7.846720604,7.952789783,8.060292768,8.167795753,8.275298738,8.382801723,8.490304708,8.597807693,8.705310678,8.812813663,8.920316648,9.027819633,9.234307671,9.440795708,9.647283745,9.853771782,10.06025982,10.18836021,10.24610043,10.29037952,10.43974972,10.56690025,10.65546036,10.49645042
RUS,9.401774749,9.642442189,9.883109629,10.12377707,10.36444451,10.58146657,10.93125007,11.25738819,11.58352631,11.90966443,12.23580254,12.31227631,12.38875008,12.39096379,12.39317751,12.39539123,12.39760494,12.39981866,12.40203238,12.40424609,12.40645981,12.41809615,12.44540683,12.47678002,12.49069046
RWA,1.14073664,1.198740198,1.256743756,1.314747314,1.372750872,1.43075443,1.511959411,1.593164392,1.674369373,1.755574354,1.836779335,1.948919547,2.061059759,2.173199972,2.285340184,2.397480396,2.559890358,2.72230032,2.884710282,3.047120245,3.209530207,3.234665082,3.259799957,3.419999957,3.580199957
SAU,3.507945652,3.650969332,3.793993011,3.93701669,4.08004037,4.223064049,4.400877273,4.578690496,4.756503719,4.934316942,5.112130165,5.507525086,5.902920008,6.298314929,6.69370985,6.95037206,7.20703427,7.46369648,7.72035869,7.977020899,8.233683109,8.490345319,8.747007529,9.003669739,9.189617395
SDN,0.85,0.938,1.026,1.114,1.202,1.29,1.382,1.474,1.566,1.658,1.75,1.85,1.95,2.05,2.15,2.25,2.302,2.354,2.406,2.458,2.51,2.63,2.75,2.87,2.99
SEN,1.283872494,1.266163908,1.248455322,1.230746735,1.213038149,1.195329563,1.17407926,1.152828956,1.131578653,1.11032835,1.089078046,1.055431733,1.021785419,0.988139106,0.954492792,0.920846478,1.051890016,1.196804023,1.34171803,1.486632037,1.631546044,1.776460052,1.949070036,2.121680021,2.007482529
SGP,6.085480213,6.295924187,6.50636816,6.716812134,6.927256107,7.137700081,7.432455063,7.727210045,8.021965027,8.316720009,8.611474991,8.906229973,9.200984955,9.495739937,9.790494919,10.0852499,9.99641037,10.11680984,10.37376976,10.38455963,10.76574993,10.83049965,10.84916019,10.97437954,11.06544971
SLB,,,,,,,,,,,,,,,,,,,,,,,,,
SLE,1.075190606,1.134669235,1.194147865,1.253626494,1.313105123,1.372583752,1.448075859,1.523567965,1.599060072,1.674552178,1.750044284,1.814098193,1.878152101,1.94220601,2.006259918,2.070313827,2.150381212,2.230448598,2.310515983,2.390583369,2.470650754,2.571306896,2.671963038,2.77261918,2.873275322
SLV,3.611669787,3.672418979,3.734189987,3.796999999,3.859810012,3.922620024,3.985430036,4.048240049,4.111050061,4.173860073,4.236670085,4.299480098,4.36229011,4.425100122,4.487910134,4.550720147,4.613530159,5.210519791,5.664899826,5.833819866,6.073550224,5.886670113,6.019370079,6.118770123,6.210683346
SMR,,,,,,,,,,,,,,,,,,,,,,,,,
SOM,,,,,,,,,,,,,,,,,,,,,,,,,
SRB,5.389751106,5.525627184,5.661503263,5.797379341,5.933255419,6.069131498,6.173303158,6.277474818,6.381646478,6.485818138,6.589989798,6.731904813,6.873819828,7.326773246,7.779726664,8.232680082,8.6856335,9.138586919,9.591540337,9.691550255,9.759810448,10.04681015,10.05281019,10.05881023,10.20312023
SSD,,,,,,,,,,,,,,,,,,,4.762169838,4.762169838,4.762169838,4.762169838,4.762169838,4.762169838,4.762169838
STP,3.154728829,3.213322379,3.273004201,3.333794508,3.395713889,3.458783313,3.523024141,3.58845813,3.65510744,3.722994645,3.792142734,3.865240014,3.938337294,4.011434574,4.084531854,4.157629134,4.230726414,4.303823694,4.376920973,4.450018253,4.523115533,4.596212813,4.669310093,4.742407373,4.815504653
SUR,,,,,,,,,,,,,,,7.367159843,7.56873107,7.770302296,7.971873522,8.173444748,8.375015974,8.5765872,8.778158426,8.979729652,9.110064168,9.240398683
SVK,6.049104932,6.406469822,6.784946871,7.16342392,7.541900969,7.920378017,8.298855066,8.677332115,9.055809164,9.434286213,9.812763262,10.19124031,10.40323629,10.61523228,10.82722826,11.03922424,11.25122023,11.46321621,11.67521219,11.88720818,12.09920416,12.31120014,12.20839024,12.2706604,12.28631973
SVN,6.453616258,6.801010132,7.167103987,7.533197843,7.899291699,8.265385554,8.63147941,8.997573266,9.363667121,9.729760977,10.09585483,10.46194869,10.82804254,11.1941364,11.56023026,11.39686966,11.59389973,11.61896992,11.69731045,11.82357025,11.86530018,12.05235958,12.17416954,12.27886009,12.33582973
SWE,9.526109695,9.682729721,10.03715038,10.25751019,10.41948986,10.59358025,10.78900358,10.98442692,11.17985026,11.3752736,11.57069694,11.76612027,11.96154361,12.15696695,12.35239029,12.44297981,12.52620029,12.60389042,12.1476202,12.22684956,12.30389023,12.38123989,12.4588604,12.30624962,12.38226032
SWZ,4.78,4.728,4.676,4.624,4.572,4.52,4.4,4.28,4.16,4.04,3.92,3.736,3.594,3.426,3.258,3.09,3.24,3.344,3.516,3.688,3.86,4.102,4.344,4.586,4.828
SYC,,,,,,,,,,,10.20291375,10.20346186,10.20401001,10.20455824,10.20510648,10.20565471,10.20620295,10.20675118,10.20729942,10.20784765,10.20839589,10.20894412,10.20949236,10.21004059,10.21058883
SYR,2.750335963,2.877719944,3.005103926,3.132487907,3.259871888,3.38725587,3.493409188,3.599562506,3.705715823,3.811869141,3.918022459,4.03961626,4.16121006,4.449246025,4.73728199,5.025317955,5.31335392,5.601389885,5.294549942,5.587039948,5.7157,5.7157,5.7157,5.7157,5.1441
TCD,,,,,,,,,,,0.585883708,0.620330282,0.654776857,0.689223431,0.723670006,0.756062007,0.788454008,0.820846009,0.85323801,0.885630012,0.940351072,0.995072131,1.049793191,1.104514251,1.159235311
TGO,1.439810171,1.516357041,1.592903911,1.669450781,1.745997651,1.822544521,1.895446302,1.968348082,2.041249863,2.114151644,2.187053425,2.228971949,2.270890473,2.312808997,2.354727521,2.396646045,2.436742024,2.476838004,2.516933983,2.557029963,2.365949988,2.174870014,2.355409417,2.53594882,2.716488222
THA,4.112824904,4.236805712,4.360786521,4.48476733,4.608748138,4.732728947,4.851941263,4.971153579,5.090365895,5.209578211,5.328790527,5.724575416,6.120360306,6.516145195,6.911930084,6.786220074,6.660510063,6.850017548,7.039525032,7.229032516,7.418540001,7.502973398,7.587406794,7.671840191,7.819993337
TJK,8.422153802,8.6539562,8.885758599,9.117560997,9.349363395,9.581165793,9.724110605,9.867055418,10.01000023,10.15294504,10.29588985,10.32812281,10.36035577,10.39258873,10.42482169,10.45705464,10.4892876,10.52152056,10.55375352,10.58598647,10.61821943,10.65045239,10.68268535,10.7149183,10.74715126
TKM,,,,,,10.51830959,10.50314963,10.48798967,10.4728297,10.45766974,10.44250978,10.42734982,10.41218985,10.39702989,10.38186993,10.36670996,10.35155,10.39561692,10.43968385,10.48375077,10.52781769,10.57188462,10.61595154,10.66001846,10.70408538
TLS,,,,,,,,,,,2.187847512,2.297135823,2.411883351,2.532362797,2.658860486,2.791677042,2.931128108,3.077545095,3.231275966,3.392686069,3.562159,3.758759167,3.955359333,4.1519595,4.348559667
TON,8.918009775,9.118637436,9.319265098,9.519892759,9.72052042,9.921148081,9.907919884,9.912473869,9.917027855,9.921581841,9.926135826,9.930689812,9.935243797,9.939797783,9.944351768,9.948905754,9.95345974,10.14165382,10.32984791,10.51804199,10.70623608,10.89443016,11.00149576,11.10856137,11.21562697
TTO,7.134319782,7.309248103,7.484176424,7.659104745,7.834033065,8.008961386,8.183889707,8.358818028,8.533746348,8.708674669,8.88360299,9.058531311,9.233459632,9.408387952,9.583316273,9.758244594,9.933172915,10.10810124,10.28302956,10.28293991,10.47003984,10.65713978,10.78522614,10.91485194,11.0460357
TUN,2.251451999,2.388930041,2.526408084,2.663886126,2.801364169,2.938842211,3.08628243,3.23372265,3.381162869,3.528603089,3.676043308,3.855362494,4.034681679,4.214000865,4.393320051,4.572639237,4.793799566,5.014959895,5.236120224,5.452985048,5.669849873,5.839590073,5.772389889,5.942717433,6.113044977
TUR,3.277997839,3.335611135,3.39322443,3.450837725,3.508451021,3.566064316,3.719037548,3.872010781,4.024984013,4.177957246,4.330930478,4.456090396,4.581250313,4.706410231,4.831570148,4.901140213,4.991680145,5.101059914,5.511360168,5.697249889,6.173590183,6.455739975,6.605899811,6.760290146,6.930699825
TUV,6.618752505,6.742159843,6.867868125,6.993576406,7.119284687,7.244992968,7.37070125,7.496409531,7.622117812,7.747826094,7.873534375,7.999242656,8.124950937,8.250659219,8.3763675,8.502075781,8.627784062,8.753492344,8.879200625,9.004908906,9.130617187,9.256325469,9.38203375,9.507742031,9.633450312
TZA,2.282125748,2.391150379,2.50017501,2.609199641,2.718224272,2.827248903,2.973231036,3.119213169,3.265195302,3.411177434,3.557159567,3.583029819,3.60890007,3.735548067,3.862196064,3.988844061,4.115492058,4.242140055,4.368788052,4.495436049,4.622084045,4.748732042,4.875380039,5.012950657,5.154403161
UGA,2.117182455,2.198050022,2.282006394,2.365962765,2.449919137,2.533875509,2.61783188,2.701788252,2.785744624,2.869700995,2.953657367,3.037613739,3.12157011,3.456990083,3.792410056,4.127830029,4.463250001,4.798669974,5.134089947,5.162114859,5.190139771,4.632529974,4.074920177,4.228627704,4.38233523
UKR,8.973994422,9.178230157,9.382465892,9.586701627,9.790937362,9.995173098,10.12514129,10.25510949,10.38507768,10.51504588,10.64501407,10.78736019,10.91902053,11.09007144,11.26112235,11.35674467,11.41450831,11.47227195,11.53003559,11.58779923,11.64556288,11.62287002,11.60017716,11.5774843,11.55479144
URY,7.759184583,7.686853202,7.61452182,7.542190438,7.469859057,7.397527675,7.61232996,7.830428532,8.048527105,8.266625677,8.484724249,8.702822821,8.920921394,9.139019966,8.817373276,8.495726585,8.174079895,8.364799976,8.555520058,8.552359581,8.506019592,8.625780106,8.719420433,8.742690086,8.854610443
USA,12.88052807,12.923876,12.96722393,13.01057186,13.05391979,13.02611685,12.9983139,12.97051096,12.94270802,12.91490507,12.88710213,12.85929918,12.83149624,12.80369329,12.77589035,12.79625034,12.91238976,12.94924974,12.98610973,13.00767994,13.0636797,13.10387993,13.13673973,13.20598984,13.24683952
UZB,,,,,,,,,,,9.812784144,9.904191034,9.996449386,10.08956713,10.18355228,10.2784129,10.37415716,10.47079329,10.56832959,10.66677444,10.76613632,10.86642377,10.9676454,11.06980991,11.1547699
VCT,,,,,,,,,,,,,,,,,,,,,,,,,
VEN,5.221179962,5.373555601,5.525931239,5.678306878,5.830682516,5.983058155,6.135433793,6.287809432,6.44018507,6.592560709,6.744936347,6.897311985,7.049687624,7.202063262,7.354438901,7.506814539,7.659190178,8.179120064,8.36166954,8.506750107,8.976644993,9.446539879,9.577762365,9.708984852,9.840207338
VNM,3.589291499,3.727898145,3.866504791,4.005111436,4.143718082,4.282324728,4.456100224,4.62987572,4.803651216,4.977426713,5.151202209,5.362215311,5.573228414,5.784241516,5.995254619,6.206267722,6.413143312,6.620018903,6.826894494,7.033770084,7.13382411,7.233878136,7.333932161,7.433986187,7.534040213
VUT,,,,,,,,,,,,,,,,,,,,,,,,,
WSM,10.22523632,10.29636917,10.36799687,10.44012285,10.51275058,10.58588356,10.65952529,10.73367932,10.80834921,10.88353854,10.95925094,11.03549004,11.11333504,11.19118004,11.26902504,11.34687004,11.42471504,11.50256004,11.58040504,11.65825005,11.73609505,11.81394005,11.80951338,11.8050867,11.80066003
YEM,0.1,0.12,0.14,0.16,0.18,0.2,0.244,0.288,0.332,0.376,0.42,0.5,0.58,0.66,0.74,0.82,0.918,1.016,1.114,1.212,1.31,1.51,1.71,1.71,1.71
ZAF,6.378619178,6.741678949,7.10473872,7.467798491,7.830858261,8.193918032,7.953215422,7.712512811,7.471810201,7.23110759,6.99040498,7.201019764,8.287039757,8.470330238,8.617560387,8.609950066,8.665579796,8.819749832,8.917420387,9.3499403,9.42043972,9.528490067,9.72262001,9.846630096,9.970640182
ZMB,3.228640079,3.740008539,4.251376999,4.762745459,5.274113919,5.391984748,5.592967194,5.400452009,5.207936824,5.015421639,4.822906454,4.935206979,5.047507503,5.159808028,5.272108552,5.384409077,5.478661303,5.572913529,5.667165754,5.76141798,5.855670206,5.992035129,6.128400052,6.264764974,6.401129897
ZWE,4.203840757,4.344511824,4.489890099,4.640133095,4.790376091,4.940619087,5.090862083,5.24110508,5.391348076,5.541591072,5.691834068,5.842077065,5.992320061,6.143753052,6.295186043,6.446619034,6.598052025,6.749485016,6.900918007,7.052350998,7.203783989,7.35521698,7.506649971,7.500794888,7.494939804
ZZA.VHHD,9.316627094,9.438687315,9.562069143,9.68494673,9.805001696,9.908160325,10.02781078,10.14629108,10.26414632,10.38004044,10.49601488,10.61087334,10.73294362,10.85073518,10.95789597,11.01434155,11.09865282,11.18412252,11.27201243,11.34611592,11.44362386,11.53142,11.62665365,11.68723103,11.76575076
ZZB.HHD,3.983643464,4.167747072,4.352454353,4.536129518,4.718567287,4.927426508,5.104618315,5.273719075,5.443500778,5.614234271,5.804462879,5.929660492,6.069955448,6.195833806,6.322554184,6.446431856,6.571784693,6.61962606,6.725818874,6.854645885,6.970173603,7.096591891,7.232701018,7.353426666,7.472732405
ZZC.MHD,2.307974126,2.380399055,2.452410451,2.523995641,2.59624544,2.667551723,2.886226149,3.103128121,3.319557701,3.520557522,3.729296485,3.731974112,3.730905943,3.731702595,3.732736199,3.719743025,3.841404258,3.973518096,4.094527751,4.225119823,4.358233439,4.607101026,4.858166723,5.086358828,5.330651759
ZZD.LHD,,,,,,,,,,1.934036497,1.848370025,1.95088301,2.051028348,2.408680531,2.546919553,2.680646258,2.771909535,2.824598235,2.903587459,2.950765497,2.96996097,3.068523377,3.223431826,3.355563717,3.493324291
ZZE.AS,2.858350724,3.028688284,3.205045076,3.375979048,3.546164855,3.717142849,3.914536226,4.000683158,4.087998909,4.176575209,4.267615347,4.368842706,4.472032445,4.586600941,4.721739822,4.874271961,4.992301078,5.214874664,5.390072545,5.597577512,5.789760342,6.006962263,6.218830878,6.432606358,6.592590607
ZZF.EAP,3.462432042,3.645289012,3.828108925,4.010837575,4.193574803,4.376343717,4.566712209,4.759657714,4.952332474,5.145073336,5.316977338,5.456548329,5.596681711,5.737458685,5.878581989,5.989467637,6.107900932,6.136213187,6.249509626,6.380029509,6.488743877,6.614380095,6.737597718,6.861181539,6.978238618
ZZG.ECA,6.915886421,7.04307907,7.167818801,7.282876031,7.392352258,7.78542528,7.892786447,8.000698606,8.109203217,8.218828851,8.447741399,8.549284941,8.649754356,8.779111562,8.905625074,8.997465043,9.088827103,9.192636783,9.333430323,9.389071128,9.571186443,9.686003063,9.762555919,9.837947309,9.919095593
ZZH.LAC,5.288743078,5.404320974,5.524547766,5.642002262,5.758528818,5.876776855,5.991187567,6.107335066,6.222989083,6.337044848,6.450164722,6.575868646,6.734042065,6.89239014,7.011903487,7.131819691,7.228207147,7.397255035,7.532001329,7.627231757,7.758531037,7.89170202,8.078792038,8.175098497,8.290891335
ZZI.SA,1.962836254,2.03794666,2.110179871,2.178626412,2.246798521,2.317788486,2.552547539,2.787686733,3.023093053,3.258410999,3.493968136,3.490533344,3.481231091,3.472416134,3.467019327,3.462449855,3.596117585,3.687636642,3.778011269,3.920811495,4.050195402,4.303911886,4.583296987,4.826935086,5.106184751
ZZJ.SSA,,,,,,,,,,3.610278105,3.228721745,3.302896105,3.485564605,3.549286193,3.661055578,3.752230682,3.868328846,3.983524099,4.107573761,4.15483525,4.171642211,4.247062325,4.344011772,4.456534525,4.559226497
ZZK.WORLD,5.349570895,5.461562173,5.575174533,5.687717388,5.798209965,5.922168248,6.063949674,6.202588562,6.341158301,6.457220787,6.554979923,6.628809162,6.710071028,6.73796722,6.812613861,6.866764904,6.95821155,7.018934722,7.099384815,7.187767097,7.274654241,7.397391848,7.532087597,7.645000725,7.767582123
